areaCode,areaName,areaType,date,hospitalCases
E92000001,England,nation,3/29/2023,7963
E92000001,England,nation,3/28/2023,8080
E92000001,England,nation,3/27/2023,8316
E92000001,England,nation,3/26/2023,8265
E92000001,England,nation,3/25/2023,8234
E92000001,England,nation,3/24/2023,8304
E92000001,England,nation,3/23/2023,8403
E92000001,England,nation,3/22/2023,8387
E92000001,England,nation,3/21/2023,8576
E92000001,England,nation,3/20/2023,8631
E92000001,England,nation,3/19/2023,8441
E92000001,England,nation,3/18/2023,8339
E92000001,England,nation,3/17/2023,8340
E92000001,England,nation,3/16/2023,8378
E92000001,England,nation,3/15/2023,8434
E92000001,England,nation,3/14/2023,8362
E92000001,England,nation,3/13/2023,8253
E92000001,England,nation,3/12/2023,7989
E92000001,England,nation,3/11/2023,7866
E92000001,England,nation,3/10/2023,7935
E92000001,England,nation,3/9/2023,7619
E92000001,England,nation,3/8/2023,7655
E92000001,England,nation,3/7/2023,7588
E92000001,England,nation,3/6/2023,7572
E92000001,England,nation,3/5/2023,7470
E92000001,England,nation,3/4/2023,7330
E92000001,England,nation,3/3/2023,7468
E92000001,England,nation,3/2/2023,7522
E92000001,England,nation,3/1/2023,7507
E92000001,England,nation,2/28/2023,7598
E92000001,England,nation,2/27/2023,7622
E92000001,England,nation,2/26/2023,7580
E92000001,England,nation,2/25/2023,7486
E92000001,England,nation,2/24/2023,7598
E92000001,England,nation,2/23/2023,8107
E92000001,England,nation,2/22/2023,8015
E92000001,England,nation,2/21/2023,7906
E92000001,England,nation,2/20/2023,7919
E92000001,England,nation,2/19/2023,7665
E92000001,England,nation,2/18/2023,7484
E92000001,England,nation,2/17/2023,7371
E92000001,England,nation,2/16/2023,7277
E92000001,England,nation,2/15/2023,7209
E92000001,England,nation,2/14/2023,7031
E92000001,England,nation,2/13/2023,6953
E92000001,England,nation,2/12/2023,6725
E92000001,England,nation,2/11/2023,6473
E92000001,England,nation,2/10/2023,6455
E92000001,England,nation,2/9/2023,6403
E92000001,England,nation,2/8/2023,6382
E92000001,England,nation,2/7/2023,6405
E92000001,England,nation,2/6/2023,6484
E92000001,England,nation,2/5/2023,6332
E92000001,England,nation,2/4/2023,6203
E92000001,England,nation,2/3/2023,6288
E92000001,England,nation,2/2/2023,6197
E92000001,England,nation,2/1/2023,6055
E92000001,England,nation,1/31/2023,6015
E92000001,England,nation,1/30/2023,5959
E92000001,England,nation,1/29/2023,5834
E92000001,England,nation,1/28/2023,5750
E92000001,England,nation,1/27/2023,5708
E92000001,England,nation,1/26/2023,5683
E92000001,England,nation,1/25/2023,5632
E92000001,England,nation,1/24/2023,5639
E92000001,England,nation,1/23/2023,5817
E92000001,England,nation,1/22/2023,5697
E92000001,England,nation,1/21/2023,5706
E92000001,England,nation,1/20/2023,5888
E92000001,England,nation,1/19/2023,5996
E92000001,England,nation,1/18/2023,6299
E92000001,England,nation,1/17/2023,6593
E92000001,England,nation,1/16/2023,6721
E92000001,England,nation,1/15/2023,6780
E92000001,England,nation,1/14/2023,6863
E92000001,England,nation,1/13/2023,7164
E92000001,England,nation,1/12/2023,7421
E92000001,England,nation,1/11/2023,7743
E92000001,England,nation,1/10/2023,8034
E92000001,England,nation,1/9/2023,8368
E92000001,England,nation,1/8/2023,8396
E92000001,England,nation,1/7/2023,8547
E92000001,England,nation,1/6/2023,8671
E92000001,England,nation,1/5/2023,9072
E92000001,England,nation,1/4/2023,9332
E92000001,England,nation,1/3/2023,9291
E92000001,England,nation,1/2/2023,9431
E92000001,England,nation,1/1/2023,9417
E92000001,England,nation,12/31/2022,9360
E92000001,England,nation,12/30/2022,9530
E92000001,England,nation,12/29/2022,9535
E92000001,England,nation,12/28/2022,9459
E92000001,England,nation,12/27/2022,9250
E92000001,England,nation,12/26/2022,9178
E92000001,England,nation,12/25/2022,8979
E92000001,England,nation,12/24/2022,9044
E92000001,England,nation,12/23/2022,9047
E92000001,England,nation,12/22/2022,8919
E92000001,England,nation,12/21/2022,8643
E92000001,England,nation,12/20/2022,8340
E92000001,England,nation,12/19/2022,8006
E92000001,England,nation,12/18/2022,7688
E92000001,England,nation,12/17/2022,7396
E92000001,England,nation,12/16/2022,7157
E92000001,England,nation,12/15/2022,6924
E92000001,England,nation,12/14/2022,6720
E92000001,England,nation,12/13/2022,6369
E92000001,England,nation,12/12/2022,6171
E92000001,England,nation,12/11/2022,6057
E92000001,England,nation,12/10/2022,5920
E92000001,England,nation,12/9/2022,5771
E92000001,England,nation,12/8/2022,5632
E92000001,England,nation,12/7/2022,5501
E92000001,England,nation,12/6/2022,5382
E92000001,England,nation,12/5/2022,5285
E92000001,England,nation,12/4/2022,5155
E92000001,England,nation,12/3/2022,5022
E92000001,England,nation,12/2/2022,5027
E92000001,England,nation,12/1/2022,4990
E92000001,England,nation,11/30/2022,4964
E92000001,England,nation,11/29/2022,4847
E92000001,England,nation,11/28/2022,4775
E92000001,England,nation,11/27/2022,4639
E92000001,England,nation,11/26/2022,4568
E92000001,England,nation,11/25/2022,4638
E92000001,England,nation,11/24/2022,4701
E92000001,England,nation,11/23/2022,4600
E92000001,England,nation,11/22/2022,4678
E92000001,England,nation,11/21/2022,4709
E92000001,England,nation,11/20/2022,4706
E92000001,England,nation,11/19/2022,4696
E92000001,England,nation,11/18/2022,4771
E92000001,England,nation,11/17/2022,4842
E92000001,England,nation,11/16/2022,5010
E92000001,England,nation,11/15/2022,5165
E92000001,England,nation,11/14/2022,5284
E92000001,England,nation,11/13/2022,5269
E92000001,England,nation,11/12/2022,5258
E92000001,England,nation,11/11/2022,5372
E92000001,England,nation,11/10/2022,5547
E92000001,England,nation,11/9/2022,5647
E92000001,England,nation,11/8/2022,5905
E92000001,England,nation,11/7/2022,6075
E92000001,England,nation,11/6/2022,6234
E92000001,England,nation,11/5/2022,6358
E92000001,England,nation,11/4/2022,6641
E92000001,England,nation,11/3/2022,6969
E92000001,England,nation,11/2/2022,7296
E92000001,England,nation,11/1/2022,7591
E92000001,England,nation,10/31/2022,8019
E92000001,England,nation,10/30/2022,8235
E92000001,England,nation,10/29/2022,8324
E92000001,England,nation,10/28/2022,8663
E92000001,England,nation,10/27/2022,8860
E92000001,England,nation,10/26/2022,9131
E92000001,England,nation,10/25/2022,9373
E92000001,England,nation,10/24/2022,9692
E92000001,England,nation,10/23/2022,9755
E92000001,England,nation,10/22/2022,9777
E92000001,England,nation,10/21/2022,9935
E92000001,England,nation,10/20/2022,10129
E92000001,England,nation,10/19/2022,10387
E92000001,England,nation,10/18/2022,10594
E92000001,England,nation,10/17/2022,10688
E92000001,England,nation,10/16/2022,10584
E92000001,England,nation,10/15/2022,10502
E92000001,England,nation,10/14/2022,10420
E92000001,England,nation,10/13/2022,10524
E92000001,England,nation,10/12/2022,10608
E92000001,England,nation,10/11/2022,10522
E92000001,England,nation,10/10/2022,10397
E92000001,England,nation,10/9/2022,10181
E92000001,England,nation,10/8/2022,10049
E92000001,England,nation,10/7/2022,10070
E92000001,England,nation,10/6/2022,9922
E92000001,England,nation,10/5/2022,9631
E92000001,England,nation,10/4/2022,9287
E92000001,England,nation,10/3/2022,8854
E92000001,England,nation,10/2/2022,8374
E92000001,England,nation,10/1/2022,8069
E92000001,England,nation,9/30/2022,7672
E92000001,England,nation,9/29/2022,7281
E92000001,England,nation,9/28/2022,7024
E92000001,England,nation,9/27/2022,6758
E92000001,England,nation,9/26/2022,6439
E92000001,England,nation,9/25/2022,6045
E92000001,England,nation,9/24/2022,5773
E92000001,England,nation,9/23/2022,5604
E92000001,England,nation,9/22/2022,5366
E92000001,England,nation,9/21/2022,5142
E92000001,England,nation,9/20/2022,4886
E92000001,England,nation,9/19/2022,4696
E92000001,England,nation,9/18/2022,4556
E92000001,England,nation,9/17/2022,4467
E92000001,England,nation,9/16/2022,4543
E92000001,England,nation,9/15/2022,4571
E92000001,England,nation,9/14/2022,4540
E92000001,England,nation,9/13/2022,4630
E92000001,England,nation,9/12/2022,4666
E92000001,England,nation,9/11/2022,4692
E92000001,England,nation,9/10/2022,4650
E92000001,England,nation,9/9/2022,4797
E92000001,England,nation,9/8/2022,4881
E92000001,England,nation,9/7/2022,4864
E92000001,England,nation,9/6/2022,5060
E92000001,England,nation,9/5/2022,5221
E92000001,England,nation,9/4/2022,5209
E92000001,England,nation,9/3/2022,5183
E92000001,England,nation,9/2/2022,5334
E92000001,England,nation,9/1/2022,5554
E92000001,England,nation,8/31/2022,5658
E92000001,England,nation,8/30/2022,5743
E92000001,England,nation,8/29/2022,5768
E92000001,England,nation,8/28/2022,5717
E92000001,England,nation,8/27/2022,5765
E92000001,England,nation,8/26/2022,5845
E92000001,England,nation,8/25/2022,6249
E92000001,England,nation,8/24/2022,6302
E92000001,England,nation,8/23/2022,6436
E92000001,England,nation,8/22/2022,6803
E92000001,England,nation,8/21/2022,6687
E92000001,England,nation,8/20/2022,6760
E92000001,England,nation,8/19/2022,7045
E92000001,England,nation,8/18/2022,7421
E92000001,England,nation,8/17/2022,7486
E92000001,England,nation,8/16/2022,7832
E92000001,England,nation,8/15/2022,8088
E92000001,England,nation,8/14/2022,8158
E92000001,England,nation,8/13/2022,7993
E92000001,England,nation,8/12/2022,8072
E92000001,England,nation,8/11/2022,8327
E92000001,England,nation,8/10/2022,8487
E92000001,England,nation,8/9/2022,8624
E92000001,England,nation,8/8/2022,8888
E92000001,England,nation,8/7/2022,8805
E92000001,England,nation,8/6/2022,8806
E92000001,England,nation,8/5/2022,9152
E92000001,England,nation,8/4/2022,9498
E92000001,England,nation,8/3/2022,9817
E92000001,England,nation,8/2/2022,10177
E92000001,England,nation,8/1/2022,10417
E92000001,England,nation,7/31/2022,10431
E92000001,England,nation,7/30/2022,10529
E92000001,England,nation,7/29/2022,11149
E92000001,England,nation,7/28/2022,11437
E92000001,England,nation,7/27/2022,11914
E92000001,England,nation,7/26/2022,12113
E92000001,England,nation,7/25/2022,12529
E92000001,England,nation,7/24/2022,12591
E92000001,England,nation,7/23/2022,12475
E92000001,England,nation,7/22/2022,13182
E92000001,England,nation,7/21/2022,13375
E92000001,England,nation,7/20/2022,13545
E92000001,England,nation,7/19/2022,13837
E92000001,England,nation,7/18/2022,14044
E92000001,England,nation,7/17/2022,13840
E92000001,England,nation,7/16/2022,13701
E92000001,England,nation,7/15/2022,13975
E92000001,England,nation,7/14/2022,13807
E92000001,England,nation,7/13/2022,13741
E92000001,England,nation,7/12/2022,13621
E92000001,England,nation,7/11/2022,13336
E92000001,England,nation,7/10/2022,12879
E92000001,England,nation,7/9/2022,12440
E92000001,England,nation,7/8/2022,12283
E92000001,England,nation,7/7/2022,11878
E92000001,England,nation,7/6/2022,11465
E92000001,England,nation,7/5/2022,11049
E92000001,England,nation,7/4/2022,10658
E92000001,England,nation,7/3/2022,9956
E92000001,England,nation,7/2/2022,9632
E92000001,England,nation,7/1/2022,9389
E92000001,England,nation,6/30/2022,8928
E92000001,England,nation,6/29/2022,8587
E92000001,England,nation,6/28/2022,8120
E92000001,England,nation,6/27/2022,7822
E92000001,England,nation,6/26/2022,7455
E92000001,England,nation,6/25/2022,6973
E92000001,England,nation,6/24/2022,6752
E92000001,England,nation,6/23/2022,6401
E92000001,England,nation,6/22/2022,6177
E92000001,England,nation,6/21/2022,6002
E92000001,England,nation,6/20/2022,5726
E92000001,England,nation,6/19/2022,5436
E92000001,England,nation,6/18/2022,5183
E92000001,England,nation,6/17/2022,5037
E92000001,England,nation,6/16/2022,5008
E92000001,England,nation,6/15/2022,4843
E92000001,England,nation,6/14/2022,4722
E92000001,England,nation,6/13/2022,4602
E92000001,England,nation,6/12/2022,4408
E92000001,England,nation,6/11/2022,4257
E92000001,England,nation,6/10/2022,4262
E92000001,England,nation,6/9/2022,4082
E92000001,England,nation,6/8/2022,4096
E92000001,England,nation,6/7/2022,4108
E92000001,England,nation,6/6/2022,4126
E92000001,England,nation,6/5/2022,3965
E92000001,England,nation,6/4/2022,3835
E92000001,England,nation,6/3/2022,3849
E92000001,England,nation,6/2/2022,3841
E92000001,England,nation,6/1/2022,3800
E92000001,England,nation,5/31/2022,4036
E92000001,England,nation,5/30/2022,4091
E92000001,England,nation,5/29/2022,4018
E92000001,England,nation,5/28/2022,4013
E92000001,England,nation,5/27/2022,4197
E92000001,England,nation,5/26/2022,4365
E92000001,England,nation,5/25/2022,4489
E92000001,England,nation,5/24/2022,4639
E92000001,England,nation,5/23/2022,5010
E92000001,England,nation,5/22/2022,5047
E92000001,England,nation,5/21/2022,5065
E92000001,England,nation,5/20/2022,5187
E92000001,England,nation,5/19/2022,5356
E92000001,England,nation,5/18/2022,5425
E92000001,England,nation,5/17/2022,5733
E92000001,England,nation,5/16/2022,6024
E92000001,England,nation,5/15/2022,6158
E92000001,England,nation,5/14/2022,6147
E92000001,England,nation,5/13/2022,6366
E92000001,England,nation,5/12/2022,6602
E92000001,England,nation,5/11/2022,7034
E92000001,England,nation,5/10/2022,7363
E92000001,England,nation,5/9/2022,7647
E92000001,England,nation,5/8/2022,7715
E92000001,England,nation,5/7/2022,7768
E92000001,England,nation,5/6/2022,8170
E92000001,England,nation,5/5/2022,8596
E92000001,England,nation,5/4/2022,8950
E92000001,England,nation,5/3/2022,9243
E92000001,England,nation,5/2/2022,9326
E92000001,England,nation,5/1/2022,9355
E92000001,England,nation,4/30/2022,9499
E92000001,England,nation,4/29/2022,9938
E92000001,England,nation,4/28/2022,10432
E92000001,England,nation,4/27/2022,10965
E92000001,England,nation,4/26/2022,11320
E92000001,England,nation,4/25/2022,11992
E92000001,England,nation,4/24/2022,12083
E92000001,England,nation,4/23/2022,12156
E92000001,England,nation,4/22/2022,12883
E92000001,England,nation,4/21/2022,13392
E92000001,England,nation,4/20/2022,14164
E92000001,England,nation,4/19/2022,14607
E92000001,England,nation,4/18/2022,14183
E92000001,England,nation,4/17/2022,14254
E92000001,England,nation,4/16/2022,14335
E92000001,England,nation,4/15/2022,14394
E92000001,England,nation,4/14/2022,14955
E92000001,England,nation,4/13/2022,15399
E92000001,England,nation,4/12/2022,16131
E92000001,England,nation,4/11/2022,16442
E92000001,England,nation,4/10/2022,16039
E92000001,England,nation,4/9/2022,15876
E92000001,England,nation,4/8/2022,16366
E92000001,England,nation,4/7/2022,16600
E92000001,England,nation,4/6/2022,16587
E92000001,England,nation,4/5/2022,16552
E92000001,England,nation,4/4/2022,16466
E92000001,England,nation,4/3/2022,15989
E92000001,England,nation,4/2/2022,15739
E92000001,England,nation,4/1/2022,15966
E92000001,England,nation,3/31/2022,15648
E92000001,England,nation,3/30/2022,15632
E92000001,England,nation,3/29/2022,15411
E92000001,England,nation,3/28/2022,15170
E92000001,England,nation,3/27/2022,14465
E92000001,England,nation,3/26/2022,13796
E92000001,England,nation,3/25/2022,13842
E92000001,England,nation,3/24/2022,13602
E92000001,England,nation,3/23/2022,13248
E92000001,England,nation,3/22/2022,13060
E92000001,England,nation,3/21/2022,12753
E92000001,England,nation,3/20/2022,12070
E92000001,England,nation,3/19/2022,11638
E92000001,England,nation,3/18/2022,11595
E92000001,England,nation,3/17/2022,11346
E92000001,England,nation,3/16/2022,11010
E92000001,England,nation,3/15/2022,10877
E92000001,England,nation,3/14/2022,10576
E92000001,England,nation,3/13/2022,9908
E92000001,England,nation,3/12/2022,9618
E92000001,England,nation,3/11/2022,9369
E92000001,England,nation,3/10/2022,9241
E92000001,England,nation,3/9/2022,9163
E92000001,England,nation,3/8/2022,9176
E92000001,England,nation,3/7/2022,8923
E92000001,England,nation,3/6/2022,8502
E92000001,England,nation,3/5/2022,8400
E92000001,England,nation,3/4/2022,8403
E92000001,England,nation,3/3/2022,8210
E92000001,England,nation,3/2/2022,8402
E92000001,England,nation,3/1/2022,8486
E92000001,England,nation,2/28/2022,8538
E92000001,England,nation,2/27/2022,8305
E92000001,England,nation,2/26/2022,8197
E92000001,England,nation,2/25/2022,8498
E92000001,England,nation,2/24/2022,8645
E92000001,England,nation,2/23/2022,8868
E92000001,England,nation,2/22/2022,8948
E92000001,England,nation,2/21/2022,9229
E92000001,England,nation,2/20/2022,9058
E92000001,England,nation,2/19/2022,9187
E92000001,England,nation,2/18/2022,9258
E92000001,England,nation,2/17/2022,9600
E92000001,England,nation,2/16/2022,9804
E92000001,England,nation,2/15/2022,10019
E92000001,England,nation,2/14/2022,10273
E92000001,England,nation,2/13/2022,10049
E92000001,England,nation,2/12/2022,10010
E92000001,England,nation,2/11/2022,10367
E92000001,England,nation,2/10/2022,10734
E92000001,England,nation,2/9/2022,11071
E92000001,England,nation,2/8/2022,11471
E92000001,England,nation,2/7/2022,11710
E92000001,England,nation,2/6/2022,11529
E92000001,England,nation,2/5/2022,11604
E92000001,England,nation,2/4/2022,12032
E92000001,England,nation,2/3/2022,12423
E92000001,England,nation,2/2/2022,12577
E92000001,England,nation,2/1/2022,12896
E92000001,England,nation,1/31/2022,13331
E92000001,England,nation,1/30/2022,12992
E92000001,England,nation,1/29/2022,12672
E92000001,England,nation,1/28/2022,13462
E92000001,England,nation,1/27/2022,13651
E92000001,England,nation,1/26/2022,13948
E92000001,England,nation,1/25/2022,14088
E92000001,England,nation,1/24/2022,14563
E92000001,England,nation,1/23/2022,14334
E92000001,England,nation,1/22/2022,14320
E92000001,England,nation,1/21/2022,14865
E92000001,England,nation,1/20/2022,15302
E92000001,England,nation,1/19/2022,15742
E92000001,England,nation,1/18/2022,16218
E92000001,England,nation,1/17/2022,16621
E92000001,England,nation,1/16/2022,16372
E92000001,England,nation,1/15/2022,16281
E92000001,England,nation,1/14/2022,16537
E92000001,England,nation,1/13/2022,16716
E92000001,England,nation,1/12/2022,16881
E92000001,England,nation,1/11/2022,16939
E92000001,England,nation,1/10/2022,17120
E92000001,England,nation,1/9/2022,16399
E92000001,England,nation,1/8/2022,16034
E92000001,England,nation,1/7/2022,16163
E92000001,England,nation,1/6/2022,16058
E92000001,England,nation,1/5/2022,15659
E92000001,England,nation,1/4/2022,15044
E92000001,England,nation,1/3/2022,14210
E92000001,England,nation,1/2/2022,13151
E92000001,England,nation,1/1/2022,12615
E92000001,England,nation,12/31/2021,12395
E92000001,England,nation,12/30/2021,11452
E92000001,England,nation,12/29/2021,10462
E92000001,England,nation,12/28/2021,9546
E92000001,England,nation,12/27/2021,8474
E92000001,England,nation,12/26/2021,7536
E92000001,England,nation,12/25/2021,7166
E92000001,England,nation,12/24/2021,7366
E92000001,England,nation,12/23/2021,7114
E92000001,England,nation,12/22/2021,7080
E92000001,England,nation,12/21/2021,6902
E92000001,England,nation,12/20/2021,6688
E92000001,England,nation,12/19/2021,6434
E92000001,England,nation,12/18/2021,6287
E92000001,England,nation,12/17/2021,6321
E92000001,England,nation,12/16/2021,6405
E92000001,England,nation,12/15/2021,6358
E92000001,England,nation,12/14/2021,6434
E92000001,England,nation,12/13/2021,6395
E92000001,England,nation,12/12/2021,6223
E92000001,England,nation,12/11/2021,6095
E92000001,England,nation,12/10/2021,6088
E92000001,England,nation,12/9/2021,6130
E92000001,England,nation,12/8/2021,6053
E92000001,England,nation,12/7/2021,6027
E92000001,England,nation,12/6/2021,5992
E92000001,England,nation,12/5/2021,5903
E92000001,England,nation,12/4/2021,5784
E92000001,England,nation,12/3/2021,5851
E92000001,England,nation,12/2/2021,5915
E92000001,England,nation,12/1/2021,5829
E92000001,England,nation,11/30/2021,6123
E92000001,England,nation,11/29/2021,6094
E92000001,England,nation,11/28/2021,5890
E92000001,England,nation,11/27/2021,5852
E92000001,England,nation,11/26/2021,5992
E92000001,England,nation,11/25/2021,6068
E92000001,England,nation,11/24/2021,6062
E92000001,England,nation,11/23/2021,6257
E92000001,England,nation,11/22/2021,6424
E92000001,England,nation,11/21/2021,6322
E92000001,England,nation,11/20/2021,6191
E92000001,England,nation,11/19/2021,6310
E92000001,England,nation,11/18/2021,6336
E92000001,England,nation,11/17/2021,6412
E92000001,England,nation,11/16/2021,6623
E92000001,England,nation,11/15/2021,6864
E92000001,England,nation,11/14/2021,6707
E92000001,England,nation,11/13/2021,6639
E92000001,England,nation,11/12/2021,6777
E92000001,England,nation,11/11/2021,6861
E92000001,England,nation,11/10/2021,6961
E92000001,England,nation,11/9/2021,7053
E92000001,England,nation,11/8/2021,7075
E92000001,England,nation,11/7/2021,6910
E92000001,England,nation,11/6/2021,6874
E92000001,England,nation,11/5/2021,7072
E92000001,England,nation,11/4/2021,7201
E92000001,England,nation,11/3/2021,7291
E92000001,England,nation,11/2/2021,7510
E92000001,England,nation,11/1/2021,7535
E92000001,England,nation,10/31/2021,7311
E92000001,England,nation,10/30/2021,7155
E92000001,England,nation,10/29/2021,7113
E92000001,England,nation,10/28/2021,7019
E92000001,England,nation,10/27/2021,6951
E92000001,England,nation,10/26/2021,6883
E92000001,England,nation,10/25/2021,6801
E92000001,England,nation,10/24/2021,6515
E92000001,England,nation,10/23/2021,6386
E92000001,England,nation,10/22/2021,6405
E92000001,England,nation,10/21/2021,6366
E92000001,England,nation,10/20/2021,6299
E92000001,England,nation,10/19/2021,6099
E92000001,England,nation,10/18/2021,5938
E92000001,England,nation,10/17/2021,5623
E92000001,England,nation,10/16/2021,5385
E92000001,England,nation,10/15/2021,5363
E92000001,England,nation,10/14/2021,5289
E92000001,England,nation,10/13/2021,5246
E92000001,England,nation,10/12/2021,5213
E92000001,England,nation,10/11/2021,5206
E92000001,England,nation,10/10/2021,5077
E92000001,England,nation,10/9/2021,4921
E92000001,England,nation,10/8/2021,4975
E92000001,England,nation,10/7/2021,4962
E92000001,England,nation,10/6/2021,5009
E92000001,England,nation,10/5/2021,5006
E92000001,England,nation,10/4/2021,4909
E92000001,England,nation,10/3/2021,4778
E92000001,England,nation,10/2/2021,4652
E92000001,England,nation,10/1/2021,4799
E92000001,England,nation,9/30/2021,4916
E92000001,England,nation,9/29/2021,5017
E92000001,England,nation,9/28/2021,5126
E92000001,England,nation,9/27/2021,5121
E92000001,England,nation,9/26/2021,4949
E92000001,England,nation,9/25/2021,5100
E92000001,England,nation,9/24/2021,5036
E92000001,England,nation,9/23/2021,5214
E92000001,England,nation,9/22/2021,5406
E92000001,England,nation,9/21/2021,5543
E92000001,England,nation,9/20/2021,5727
E92000001,England,nation,9/19/2021,5695
E92000001,England,nation,9/18/2021,5688
E92000001,England,nation,9/17/2021,5910
E92000001,England,nation,9/16/2021,6081
E92000001,England,nation,9/15/2021,6306
E92000001,England,nation,9/14/2021,6344
E92000001,England,nation,9/13/2021,6424
E92000001,England,nation,9/12/2021,6253
E92000001,England,nation,9/11/2021,6206
E92000001,England,nation,9/10/2021,6400
E92000001,England,nation,9/9/2021,6254
E92000001,England,nation,9/8/2021,6302
E92000001,England,nation,9/7/2021,6244
E92000001,England,nation,9/6/2021,6375
E92000001,England,nation,9/5/2021,6167
E92000001,England,nation,9/4/2021,6043
E92000001,England,nation,9/3/2021,6195
E92000001,England,nation,9/2/2021,6186
E92000001,England,nation,9/1/2021,6236
E92000001,England,nation,8/31/2021,6293
E92000001,England,nation,8/30/2021,6002
E92000001,England,nation,8/29/2021,5855
E92000001,England,nation,8/28/2021,5756
E92000001,England,nation,8/27/2021,5889
E92000001,England,nation,8/26/2021,5893
E92000001,England,nation,8/25/2021,5922
E92000001,England,nation,8/24/2021,5911
E92000001,England,nation,8/23/2021,6000
E92000001,England,nation,8/22/2021,5749
E92000001,England,nation,8/21/2021,5575
E92000001,England,nation,8/20/2021,5576
E92000001,England,nation,8/19/2021,5554
E92000001,England,nation,8/18/2021,5514
E92000001,England,nation,8/17/2021,5437
E92000001,England,nation,8/16/2021,5429
E92000001,England,nation,8/15/2021,5115
E92000001,England,nation,8/14/2021,4973
E92000001,England,nation,8/13/2021,5076
E92000001,England,nation,8/12/2021,5029
E92000001,England,nation,8/11/2021,5073
E92000001,England,nation,8/10/2021,5096
E92000001,England,nation,8/9/2021,5098
E92000001,England,nation,8/8/2021,4939
E92000001,England,nation,8/7/2021,4817
E92000001,England,nation,8/6/2021,4879
E92000001,England,nation,8/5/2021,4894
E92000001,England,nation,8/4/2021,4944
E92000001,England,nation,8/3/2021,5116
E92000001,England,nation,8/2/2021,5309
E92000001,England,nation,8/1/2021,5090
E92000001,England,nation,7/31/2021,5057
E92000001,England,nation,7/30/2021,5111
E92000001,England,nation,7/29/2021,5056
E92000001,England,nation,7/28/2021,5182
E92000001,England,nation,7/27/2021,5163
E92000001,England,nation,7/26/2021,5055
E92000001,England,nation,7/25/2021,4725
E92000001,England,nation,7/24/2021,4476
E92000001,England,nation,7/23/2021,4401
E92000001,England,nation,7/22/2021,4230
E92000001,England,nation,7/21/2021,4063
E92000001,England,nation,7/20/2021,3894
E92000001,England,nation,7/19/2021,3813
E92000001,England,nation,7/18/2021,3546
E92000001,England,nation,7/17/2021,3442
E92000001,England,nation,7/16/2021,3367
E92000001,England,nation,7/15/2021,3241
E92000001,England,nation,7/14/2021,3110
E92000001,England,nation,7/13/2021,2970
E92000001,England,nation,7/12/2021,2798
E92000001,England,nation,7/11/2021,2564
E92000001,England,nation,7/10/2021,2429
E92000001,England,nation,7/9/2021,2352
E92000001,England,nation,7/8/2021,2209
E92000001,England,nation,7/7/2021,2144
E92000001,England,nation,7/6/2021,1998
E92000001,England,nation,7/5/2021,1888
E92000001,England,nation,7/4/2021,1744
E92000001,England,nation,7/3/2021,1636
E92000001,England,nation,7/2/2021,1611
E92000001,England,nation,7/1/2021,1560
E92000001,England,nation,6/30/2021,1500
E92000001,England,nation,6/29/2021,1445
E92000001,England,nation,6/28/2021,1465
E92000001,England,nation,6/27/2021,1331
E92000001,England,nation,6/26/2021,1276
E92000001,England,nation,6/25/2021,1284
E92000001,England,nation,6/24/2021,1274
E92000001,England,nation,6/23/2021,1255
E92000001,England,nation,6/22/2021,1301
E92000001,England,nation,6/21/2021,1290
E92000001,England,nation,6/20/2021,1168
E92000001,England,nation,6/19/2021,1143
E92000001,England,nation,6/18/2021,1170
E92000001,England,nation,6/17/2021,1122
E92000001,England,nation,6/16/2021,1057
E92000001,England,nation,6/15/2021,1030
E92000001,England,nation,6/14/2021,993
E92000001,England,nation,6/13/2021,947
E92000001,England,nation,6/12/2021,915
E92000001,England,nation,6/11/2021,884
E92000001,England,nation,6/10/2021,906
E92000001,England,nation,6/9/2021,876
E92000001,England,nation,6/8/2021,879
E92000001,England,nation,6/7/2021,860
E92000001,England,nation,6/6/2021,807
E92000001,England,nation,6/5/2021,782
E92000001,England,nation,6/4/2021,805
E92000001,England,nation,6/3/2021,779
E92000001,England,nation,6/2/2021,801
E92000001,England,nation,6/1/2021,776
E92000001,England,nation,5/31/2021,773
E92000001,England,nation,5/30/2021,755
E92000001,England,nation,5/29/2021,748
E92000001,England,nation,5/28/2021,743
E92000001,England,nation,5/27/2021,742
E92000001,England,nation,5/26/2021,745
E92000001,England,nation,5/25/2021,765
E92000001,England,nation,5/24/2021,797
E92000001,England,nation,5/23/2021,756
E92000001,England,nation,5/22/2021,730
E92000001,England,nation,5/21/2021,766
E92000001,England,nation,5/20/2021,749
E92000001,England,nation,5/19/2021,757
E92000001,England,nation,5/18/2021,749
E92000001,England,nation,5/17/2021,798
E92000001,England,nation,5/16/2021,801
E92000001,England,nation,5/15/2021,810
E92000001,England,nation,5/14/2021,818
E92000001,England,nation,5/13/2021,845
E92000001,England,nation,5/12/2021,907
E92000001,England,nation,5/11/2021,921
E92000001,England,nation,5/10/2021,944
E92000001,England,nation,5/9/2021,933
E92000001,England,nation,5/8/2021,948
E92000001,England,nation,5/7/2021,973
E92000001,England,nation,5/6/2021,976
E92000001,England,nation,5/5/2021,1032
E92000001,England,nation,5/4/2021,1093
E92000001,England,nation,5/3/2021,1096
E92000001,England,nation,5/2/2021,1082
E92000001,England,nation,5/1/2021,1071
E92000001,England,nation,4/30/2021,1161
E92000001,England,nation,4/29/2021,1235
E92000001,England,nation,4/28/2021,1278
E92000001,England,nation,4/27/2021,1310
E92000001,England,nation,4/26/2021,1393
E92000001,England,nation,4/25/2021,1377
E92000001,England,nation,4/24/2021,1401
E92000001,England,nation,4/23/2021,1478
E92000001,England,nation,4/22/2021,1523
E92000001,England,nation,4/21/2021,1609
E92000001,England,nation,4/20/2021,1649
E92000001,England,nation,4/19/2021,1732
E92000001,England,nation,4/18/2021,1691
E92000001,England,nation,4/17/2021,1735
E92000001,England,nation,4/16/2021,1844
E92000001,England,nation,4/15/2021,1885
E92000001,England,nation,4/14/2021,1972
E92000001,England,nation,4/13/2021,2057
E92000001,England,nation,4/12/2021,2108
E92000001,England,nation,4/11/2021,2096
E92000001,England,nation,4/10/2021,2190
E92000001,England,nation,4/9/2021,2321
E92000001,England,nation,4/8/2021,2382
E92000001,England,nation,4/7/2021,2486
E92000001,England,nation,4/6/2021,2588
E92000001,England,nation,4/5/2021,2680
E92000001,England,nation,4/4/2021,2672
E92000001,England,nation,4/3/2021,2677
E92000001,England,nation,4/2/2021,2784
E92000001,England,nation,4/1/2021,2928
E92000001,England,nation,3/31/2021,3084
E92000001,England,nation,3/30/2021,3283
E92000001,England,nation,3/29/2021,3466
E92000001,England,nation,3/28/2021,3438
E92000001,England,nation,3/27/2021,3676
E92000001,England,nation,3/26/2021,3712
E92000001,England,nation,3/25/2021,3763
E92000001,England,nation,3/24/2021,4005
E92000001,England,nation,3/23/2021,4245
E92000001,England,nation,3/22/2021,4501
E92000001,England,nation,3/21/2021,4492
E92000001,England,nation,3/20/2021,4589
E92000001,England,nation,3/19/2021,4841
E92000001,England,nation,3/18/2021,5083
E92000001,England,nation,3/17/2021,5397
E92000001,England,nation,3/16/2021,5664
E92000001,England,nation,3/15/2021,5976
E92000001,England,nation,3/14/2021,6039
E92000001,England,nation,3/13/2021,6072
E92000001,England,nation,3/12/2021,6391
E92000001,England,nation,3/11/2021,6687
E92000001,England,nation,3/10/2021,6975
E92000001,England,nation,3/9/2021,7451
E92000001,England,nation,3/8/2021,7847
E92000001,England,nation,3/7/2021,7812
E92000001,England,nation,3/6/2021,8021
E92000001,England,nation,3/5/2021,8594
E92000001,England,nation,3/4/2021,9092
E92000001,England,nation,3/3/2021,9594
E92000001,England,nation,3/2/2021,10121
E92000001,England,nation,3/1/2021,10765
E92000001,England,nation,2/28/2021,10663
E92000001,England,nation,2/27/2021,11090
E92000001,England,nation,2/26/2021,11781
E92000001,England,nation,2/25/2021,12449
E92000001,England,nation,2/24/2021,13007
E92000001,England,nation,2/23/2021,13511
E92000001,England,nation,2/22/2021,14137
E92000001,England,nation,2/21/2021,14142
E92000001,England,nation,2/20/2021,14316
E92000001,England,nation,2/19/2021,15018
E92000001,England,nation,2/18/2021,15633
E92000001,England,nation,2/17/2021,16458
E92000001,England,nation,2/16/2021,17093
E92000001,England,nation,2/15/2021,17730
E92000001,England,nation,2/14/2021,17787
E92000001,England,nation,2/13/2021,17694
E92000001,England,nation,2/12/2021,19009
E92000001,England,nation,2/11/2021,19983
E92000001,England,nation,2/10/2021,20926
E92000001,England,nation,2/9/2021,22067
E92000001,England,nation,2/8/2021,23020
E92000001,England,nation,2/7/2021,22991
E92000001,England,nation,2/6/2021,23042
E92000001,England,nation,2/5/2021,24402
E92000001,England,nation,2/4/2021,25334
E92000001,England,nation,2/3/2021,26374
E92000001,England,nation,2/2/2021,27397
E92000001,England,nation,2/1/2021,28539
E92000001,England,nation,1/31/2021,28112
E92000001,England,nation,1/30/2021,28571
E92000001,England,nation,1/29/2021,29359
E92000001,England,nation,1/28/2021,30333
E92000001,England,nation,1/27/2021,30846
E92000001,England,nation,1/26/2021,32337
E92000001,England,nation,1/25/2021,32938
E92000001,England,nation,1/24/2021,32907
E92000001,England,nation,1/23/2021,32614
E92000001,England,nation,1/22/2021,33412
E92000001,England,nation,1/21/2021,33235
E92000001,England,nation,1/20/2021,33886
E92000001,England,nation,1/19/2021,34015
E92000001,England,nation,1/18/2021,34336
E92000001,England,nation,1/17/2021,33352
E92000001,England,nation,1/16/2021,32923
E92000001,England,nation,1/15/2021,33362
E92000001,England,nation,1/14/2021,32925
E92000001,England,nation,1/13/2021,32689
E92000001,England,nation,1/12/2021,32202
E92000001,England,nation,1/11/2021,32070
E92000001,England,nation,1/10/2021,30758
E92000001,England,nation,1/9/2021,29462
E92000001,England,nation,1/8/2021,29346
E92000001,England,nation,1/7/2021,28246
E92000001,England,nation,1/6/2021,27727
E92000001,England,nation,1/5/2021,26467
E92000001,England,nation,1/4/2021,26626
E92000001,England,nation,1/3/2021,24957
E92000001,England,nation,1/2/2021,23557
E92000001,England,nation,1/1/2021,22534
E92000001,England,nation,12/31/2020,22728
E92000001,England,nation,12/30/2020,22713
E92000001,England,nation,12/29/2020,21787
E92000001,England,nation,12/28/2020,20426
E92000001,England,nation,12/27/2020,19277
E92000001,England,nation,12/26/2020,18350
E92000001,England,nation,12/25/2020,17701
E92000001,England,nation,12/24/2020,18227
E92000001,England,nation,12/23/2020,17834
E92000001,England,nation,12/22/2020,18063
E92000001,England,nation,12/21/2020,17709
E92000001,England,nation,12/20/2020,16633
E92000001,England,nation,12/19/2020,16183
E92000001,England,nation,12/18/2020,15866
E92000001,England,nation,12/17/2020,15741
E92000001,England,nation,12/16/2020,15465
E92000001,England,nation,12/15/2020,15031
E92000001,England,nation,12/14/2020,15053
E92000001,England,nation,12/13/2020,14460
E92000001,England,nation,12/12/2020,13927
E92000001,England,nation,12/11/2020,13901
E92000001,England,nation,12/10/2020,13796
E92000001,England,nation,12/9/2020,13467
E92000001,England,nation,12/8/2020,13629
E92000001,England,nation,12/7/2020,13616
E92000001,England,nation,12/6/2020,13189
E92000001,England,nation,12/5/2020,12968
E92000001,England,nation,12/4/2020,12987
E92000001,England,nation,12/3/2020,12896
E92000001,England,nation,12/2/2020,13212
E92000001,England,nation,12/1/2020,13507
E92000001,England,nation,11/30/2020,13756
E92000001,England,nation,11/29/2020,13521
E92000001,England,nation,11/28/2020,13208
E92000001,England,nation,11/27/2020,13754
E92000001,England,nation,11/26/2020,13908
E92000001,England,nation,11/25/2020,14240
E92000001,England,nation,11/24/2020,14506
E92000001,England,nation,11/23/2020,14712
E92000001,England,nation,11/22/2020,14354
E92000001,England,nation,11/21/2020,14118
E92000001,England,nation,11/20/2020,14236
E92000001,England,nation,11/19/2020,14479
E92000001,England,nation,11/18/2020,14490
E92000001,England,nation,11/17/2020,14411
E92000001,England,nation,11/16/2020,14313
E92000001,England,nation,11/15/2020,13886
E92000001,England,nation,11/14/2020,13399
E92000001,England,nation,11/13/2020,13328
E92000001,England,nation,11/12/2020,12967
E92000001,England,nation,11/11/2020,12730
E92000001,England,nation,11/10/2020,12033
E92000001,England,nation,11/9/2020,12259
E92000001,England,nation,11/8/2020,11680
E92000001,England,nation,11/7/2020,11514
E92000001,England,nation,11/6/2020,11181
E92000001,England,nation,11/5/2020,10994
E92000001,England,nation,11/4/2020,11037
E92000001,England,nation,11/3/2020,10971
E92000001,England,nation,11/2/2020,10397
E92000001,England,nation,11/1/2020,9623
E92000001,England,nation,10/31/2020,9782
E92000001,England,nation,10/30/2020,9295
E92000001,England,nation,10/29/2020,9127
E92000001,England,nation,10/28/2020,9070
E92000001,England,nation,10/27/2020,8595
E92000001,England,nation,10/26/2020,7856
E92000001,England,nation,10/25/2020,7612
E92000001,England,nation,10/24/2020,7176
E92000001,England,nation,10/23/2020,6842
E92000001,England,nation,10/22/2020,6345
E92000001,England,nation,10/21/2020,6271
E92000001,England,nation,10/20/2020,6072
E92000001,England,nation,10/19/2020,5644
E92000001,England,nation,10/18/2020,5202
E92000001,England,nation,10/17/2020,5029
E92000001,England,nation,10/16/2020,4854
E92000001,England,nation,10/15/2020,4569
E92000001,England,nation,10/14/2020,4313
E92000001,England,nation,10/13/2020,4105
E92000001,England,nation,10/12/2020,3827
E92000001,England,nation,10/11/2020,3604
E92000001,England,nation,10/10/2020,3369
E92000001,England,nation,10/9/2020,3238
E92000001,England,nation,10/8/2020,3179
E92000001,England,nation,10/7/2020,3066
E92000001,England,nation,10/6/2020,2903
E92000001,England,nation,10/5/2020,2705
E92000001,England,nation,10/4/2020,2435
E92000001,England,nation,10/3/2020,2290
E92000001,England,nation,10/2/2020,2180
E92000001,England,nation,10/1/2020,2069
E92000001,England,nation,9/30/2020,2036
E92000001,England,nation,9/29/2020,1954
E92000001,England,nation,9/28/2020,1955
E92000001,England,nation,9/27/2020,1793
E92000001,England,nation,9/26/2020,1689
E92000001,England,nation,9/25/2020,1686
E92000001,England,nation,9/24/2020,1546
E92000001,England,nation,9/23/2020,1439
E92000001,England,nation,9/22/2020,1378
E92000001,England,nation,9/21/2020,1299
E92000001,England,nation,9/20/2020,1174
E92000001,England,nation,9/19/2020,1081
E92000001,England,nation,9/18/2020,1020
E92000001,England,nation,9/17/2020,984
E92000001,England,nation,9/16/2020,929
E92000001,England,nation,9/15/2020,891
E92000001,England,nation,9/14/2020,812
E92000001,England,nation,9/13/2020,691
E92000001,England,nation,9/12/2020,663
E92000001,England,nation,9/11/2020,622
E92000001,England,nation,9/10/2020,572
E92000001,England,nation,9/9/2020,557
E92000001,England,nation,9/8/2020,535
E92000001,England,nation,9/7/2020,555
E92000001,England,nation,9/6/2020,483
E92000001,England,nation,9/5/2020,471
E92000001,England,nation,9/4/2020,474
E92000001,England,nation,9/3/2020,468
E92000001,England,nation,9/2/2020,451
E92000001,England,nation,9/1/2020,496
E92000001,England,nation,8/31/2020,495
E92000001,England,nation,8/30/2020,479
E92000001,England,nation,8/29/2020,478
E92000001,England,nation,8/28/2020,469
E92000001,England,nation,8/27/2020,492
E92000001,England,nation,8/26/2020,485
E92000001,England,nation,8/25/2020,500
E92000001,England,nation,8/24/2020,522
E92000001,England,nation,8/23/2020,522
E92000001,England,nation,8/22/2020,594
E92000001,England,nation,8/21/2020,528
E92000001,England,nation,8/20/2020,551
E92000001,England,nation,8/19/2020,571
E92000001,England,nation,8/18/2020,597
E92000001,England,nation,8/17/2020,626
E92000001,England,nation,8/16/2020,634
E92000001,England,nation,8/15/2020,630
E92000001,England,nation,8/14/2020,642
E92000001,England,nation,8/13/2020,652
E92000001,England,nation,8/12/2020,642
E92000001,England,nation,8/11/2020,672
E92000001,England,nation,8/10/2020,714
E92000001,England,nation,8/9/2020,611
E92000001,England,nation,8/8/2020,650
E92000001,England,nation,8/7/2020,711
E92000001,England,nation,8/6/2020,756
E92000001,England,nation,8/5/2020,805
E92000001,England,nation,8/4/2020,807
E92000001,England,nation,8/3/2020,842
E92000001,England,nation,8/2/2020,847
E92000001,England,nation,8/1/2020,879
E92000001,England,nation,7/31/2020,870
E92000001,England,nation,7/30/2020,898
E92000001,England,nation,7/29/2020,927
E92000001,England,nation,7/28/2020,944
E92000001,England,nation,7/27/2020,945
E92000001,England,nation,7/26/2020,965
E92000001,England,nation,7/25/2020,977
E92000001,England,nation,7/24/2020,1018
E92000001,England,nation,7/23/2020,1095
E92000001,England,nation,7/22/2020,1305
E92000001,England,nation,7/21/2020,1188
E92000001,England,nation,7/20/2020,1278
E92000001,England,nation,7/19/2020,1301
E92000001,England,nation,7/18/2020,1321
E92000001,England,nation,7/17/2020,1346
E92000001,England,nation,7/16/2020,1348
E92000001,England,nation,7/15/2020,1489
E92000001,England,nation,7/14/2020,1506
E92000001,England,nation,7/13/2020,1612
E92000001,England,nation,7/12/2020,1611
E92000001,England,nation,7/11/2020,1640
E92000001,England,nation,7/10/2020,1746
E92000001,England,nation,7/9/2020,1801
E92000001,England,nation,7/8/2020,1888
E92000001,England,nation,7/7/2020,2010
E92000001,England,nation,7/6/2020,2099
E92000001,England,nation,7/5/2020,2100
E92000001,England,nation,7/4/2020,2152
E92000001,England,nation,7/3/2020,2294
E92000001,England,nation,7/2/2020,2410
E92000001,England,nation,7/1/2020,2509
E92000001,England,nation,6/30/2020,2665
E92000001,England,nation,6/29/2020,3024
E92000001,England,nation,6/28/2020,2818
E92000001,England,nation,6/27/2020,2819
E92000001,England,nation,6/26/2020,2859
E92000001,England,nation,6/25/2020,3066
E92000001,England,nation,6/24/2020,3223
E92000001,England,nation,6/23/2020,3288
E92000001,England,nation,6/22/2020,3417
E92000001,England,nation,6/21/2020,3373
E92000001,England,nation,6/20/2020,3423
E92000001,England,nation,6/19/2020,3575
E92000001,England,nation,6/18/2020,3681
E92000001,England,nation,6/17/2020,3826
E92000001,England,nation,6/16/2020,3934
E92000001,England,nation,6/15/2020,3920
E92000001,England,nation,6/14/2020,3973
E92000001,England,nation,6/13/2020,4000
E92000001,England,nation,6/12/2020,4136
E92000001,England,nation,6/11/2020,4179
E92000001,England,nation,6/10/2020,4447
E92000001,England,nation,6/9/2020,4665
E92000001,England,nation,6/8/2020,4830
E92000001,England,nation,6/7/2020,4820
E92000001,England,nation,6/6/2020,5004
E92000001,England,nation,6/5/2020,5213
E92000001,England,nation,6/4/2020,5398
E92000001,England,nation,6/3/2020,5600
E92000001,England,nation,6/2/2020,5827
E92000001,England,nation,6/1/2020,5954
E92000001,England,nation,5/31/2020,5933
E92000001,England,nation,5/30/2020,5972
E92000001,England,nation,5/29/2020,6250
E92000001,England,nation,5/28/2020,6528
E92000001,England,nation,5/27/2020,6836
E92000001,England,nation,5/26/2020,7305
E92000001,England,nation,5/25/2020,7448
E92000001,England,nation,5/24/2020,7415
E92000001,England,nation,5/23/2020,7428
E92000001,England,nation,5/22/2020,7761
E92000001,England,nation,5/21/2020,7903
E92000001,England,nation,5/20/2020,8115
E92000001,England,nation,5/19/2020,8518
E92000001,England,nation,5/18/2020,8668
E92000001,England,nation,5/17/2020,8611
E92000001,England,nation,5/16/2020,8643
E92000001,England,nation,5/15/2020,9079
E92000001,England,nation,5/14/2020,9231
E92000001,England,nation,5/13/2020,9602
E92000001,England,nation,5/12/2020,9791
E92000001,England,nation,5/11/2020,10109
E92000001,England,nation,5/10/2020,9893
E92000001,England,nation,5/9/2020,10176
E92000001,England,nation,5/8/2020,10249
E92000001,England,nation,5/7/2020,10726
E92000001,England,nation,5/6/2020,11227
E92000001,England,nation,5/5/2020,11754
E92000001,England,nation,5/4/2020,12020
E92000001,England,nation,5/3/2020,12119
E92000001,England,nation,5/2/2020,12314
E92000001,England,nation,5/1/2020,12623
E92000001,England,nation,4/30/2020,12922
E92000001,England,nation,4/29/2020,13224
E92000001,England,nation,4/28/2020,13565
E92000001,England,nation,4/27/2020,14255
E92000001,England,nation,4/26/2020,14174
E92000001,England,nation,4/25/2020,14202
E92000001,England,nation,4/24/2020,14642
E92000001,England,nation,4/23/2020,15402
E92000001,England,nation,4/22/2020,16018
E92000001,England,nation,4/21/2020,16517
E92000001,England,nation,4/20/2020,16654
E92000001,England,nation,4/19/2020,16928
E92000001,England,nation,4/18/2020,16850
E92000001,England,nation,4/17/2020,16728
E92000001,England,nation,4/16/2020,17783
E92000001,England,nation,4/15/2020,17934
E92000001,England,nation,4/14/2020,18552
E92000001,England,nation,4/13/2020,18621
E92000001,England,nation,4/12/2020,18974
E92000001,England,nation,4/11/2020,18604
E92000001,England,nation,4/10/2020,18669
E92000001,England,nation,4/9/2020,18423
E92000001,England,nation,4/8/2020,18152
E92000001,England,nation,4/7/2020,17814
E92000001,England,nation,4/6/2020,17154
E92000001,England,nation,4/5/2020,16657
E92000001,England,nation,4/4/2020,15469
E92000001,England,nation,4/3/2020,13635
E92000001,England,nation,4/2/2020,12135
E92000001,England,nation,4/1/2020,12059
E92000001,England,nation,3/31/2020,11154
E92000001,England,nation,3/30/2020,9852
E92000001,England,nation,3/29/2020,8424
E92000001,England,nation,3/28/2020,7269
E92000001,England,nation,3/27/2020,6462
E92000001,England,nation,3/26/2020,5226
E92000001,England,nation,3/25/2020,4402
E92000001,England,nation,3/24/2020,3598
E92000001,England,nation,3/23/2020,3183
E92000001,England,nation,3/22/2020,2670
E92000001,England,nation,3/21/2020,2152
E92000001,England,nation,3/20/2020,1580
